Paul_Reiser_31.jpg,23.6,41.5,27.4,49.0,27.4,60.2,29.3,67.8,33.0,82.8,40.5,90.3,46.2,95.9,51.8,99.7,64.9,105.3,80.0,99.7,87.5,94.0,93.1,88.4,102.5,80.9,102.5,67.8,104.4,58.4,104.4,47.1,104.4,35.8,33.0,30.2,34.9,26.5,40.5,24.6,46.2,24.6,51.8,24.6,70.6,24.6,76.2,22.7,81.8,22.7,87.5,22.7,93.1,28.3,59.3,35.8,59.3,41.5,59.3,49.0,59.3,54.6,55.6,60.2,57.4,60.2,63.1,60.2,64.9,60.2,68.7,58.4,40.5,37.7,44.3,35.8,49.9,35.8,51.8,37.7,49.9,37.7,44.3,37.7,74.3,35.8,76.2,35.8,81.8,35.8,85.6,35.8,81.8,39.6,76.2,39.6,49.9,77.1,55.6,71.5,59.3,69.6,63.1,69.6,64.9,69.6,70.6,69.6,76.2,75.3,74.3,80.9,68.7,82.8,63.1,82.8,59.3,82.8,55.6,80.9,51.8,75.3,59.3,71.5,63.1,71.5,68.7,71.5,76.2,75.3,68.7,77.1,63.1,77.1,59.3,77.1
Terje_Roed-Larsen_20.jpg,22.7,67.3,26.1,76.3,31.6,84.1,37.2,90.8,42.8,98.6,51.7,101.9,59.5,105.3,71.8,105.3,85.2,105.3,97.5,99.7,99.7,94.1,103.1,88.6,105.3,79.6,105.3,68.5,105.3,60.7,103.1,51.7,99.7,40.6,33.9,39.4,40.6,33.9,46.1,30.5,54.0,28.3,59.5,28.3,79.6,26.1,83.0,22.7,88.6,22.7,94.1,22.7,97.5,28.3,71.8,37.2,74.0,42.8,77.4,48.4,79.6,54.0,71.8,62.9,74.0,62.9,77.4,62.9,83.0,59.5,83.0,59.5,46.1,45.0,48.4,41.7,54.0,39.4,59.5,42.8,57.3,45.0,48.4,45.0,79.6,39.4,85.2,33.9,88.6,33.9,90.8,37.2,88.6,37.2,85.2,39.4,66.2,79.6,71.8,74.0,77.4,68.5,79.6,68.5,83.0,68.5,88.6,68.5,90.8,74.0,90.8,79.6,88.6,83.0,83.0,83.0,77.4,85.2,71.8,81.9,66.2,79.6,77.4,74.0,79.6,70.7,83.0,70.7,90.8,74.0,85.2,77.4,83.0,79.6,77.4,79.6
Kathryn_Morris_41.jpg,22.7,43.9,22.7,53.9,24.7,64.0,24.7,74.1,28.8,84.1,32.8,92.2,38.8,96.2,44.9,102.3,57.0,104.3,71.0,104.3,77.1,102.3,85.1,96.2,91.2,92.2,95.2,82.1,97.2,74.1,103.3,66.0,105.3,55.9,32.8,29.8,40.8,23.7,44.9,23.7,52.9,27.7,57.0,27.7,77.1,31.8,83.1,29.8,91.2,29.8,95.2,31.8,99.2,37.8,65.0,39.8,65.0,47.9,65.0,51.9,65.0,58.0,54.9,62.0,61.0,62.0,63.0,64.0,67.0,64.0,71.0,64.0,40.8,39.8,44.9,35.8,50.9,37.8,54.9,39.8,50.9,41.8,44.9,41.8,77.1,41.8,83.1,41.8,85.1,41.8,91.2,45.9,85.1,45.9,81.1,43.9,44.9,76.1,52.9,72.1,57.0,70.0,63.0,72.1,65.0,72.1,71.0,74.1,73.1,80.1,67.0,82.1,65.0,84.1,61.0,84.1,54.9,82.1,50.9,82.1,48.9,76.1,57.0,74.1,61.0,74.1,65.0,74.1,73.1,80.1,65.0,80.1,61.0,80.1,54.9,80.1
Adrian_Nastase_11.jpg,22.7,35.4,22.7,46.5,22.7,56.1,24.3,65.6,29.1,75.1,37.0,84.6,46.5,91.0,56.1,98.9,67.2,102.1,81.5,98.9,86.2,94.2,87.8,89.4,91.0,83.1,92.6,73.5,97.3,64.0,100.5,57.6,102.1,44.9,46.5,27.5,52.9,25.9,60.8,25.9,64.0,25.9,71.9,29.1,87.8,30.7,92.6,30.7,97.3,30.7,102.1,30.7,105.3,33.8,78.3,40.2,78.3,48.1,81.5,54.5,81.5,59.2,71.9,64.0,73.5,64.0,78.3,65.6,81.5,64.0,83.1,64.0,52.9,35.4,57.6,35.4,62.4,35.4,67.2,37.0,62.4,40.2,57.6,37.0,86.2,40.2,91.0,38.6,95.8,40.2,97.3,40.2,95.8,43.4,91.0,43.4,60.8,75.1,67.2,73.5,73.5,73.5,76.7,73.5,78.3,73.5,83.1,75.1,83.1,78.3,81.5,79.9,78.3,83.1,73.5,83.1,68.8,83.1,64.0,79.9,60.8,75.1,71.9,75.1,76.7,75.1,78.3,78.3,83.1,78.3,78.3,78.3,73.5,78.3,71.9,78.3
Robbie_Coltrane_01.jpg,22.7,45.4,22.7,55.4,22.7,66.5,24.7,73.6,27.7,84.6,32.8,91.7,37.8,94.7,42.9,99.8,55.9,99.8,69.0,97.7,82.1,92.7,92.2,87.7,100.3,80.6,102.3,69.5,102.3,59.5,105.3,49.4,102.3,36.3,22.7,35.3,24.7,32.3,27.7,30.3,32.8,30.3,37.8,32.3,55.9,30.3,61.0,30.3,69.0,28.2,76.1,28.2,82.1,31.3,47.9,40.3,45.9,45.4,45.9,51.4,45.9,56.4,45.9,61.5,45.9,61.5,50.9,61.5,52.9,61.5,55.9,58.5,27.7,43.4,29.8,40.3,34.8,40.3,40.8,40.3,34.8,43.4,32.8,43.4,61.0,38.3,66.0,35.3,69.0,36.3,74.1,38.3,71.0,41.3,66.0,41.3,40.8,74.6,42.9,71.6,47.9,69.5,50.9,69.5,52.9,66.5,61.0,69.5,66.0,71.6,61.0,76.6,55.9,79.6,52.9,79.6,47.9,79.6,45.9,76.6,42.9,74.6,47.9,71.6,50.9,71.6,55.9,71.6,66.0,71.6,55.9,74.6,52.9,74.6,47.9,74.6
Zhong_Nanshan_51.jpg,22.7,46.1,27.7,56.0,30.4,65.4,32.6,75.3,37.6,82.4,44.7,92.4,54.6,97.3,66.8,102.3,78.9,102.8,91.0,97.9,95.4,90.7,98.1,86.3,103.1,76.4,103.1,66.5,105.3,59.3,105.3,50.0,103.1,40.1,42.5,39.0,46.9,34.5,54.6,31.8,61.8,32.3,66.8,32.3,83.3,30.1,88.2,27.4,93.2,25.2,95.4,25.2,100.3,30.1,76.1,44.5,78.9,51.6,81.1,59.3,83.3,63.7,73.9,68.7,76.1,68.7,81.1,71.4,83.3,68.7,86.0,66.5,51.9,46.7,56.8,43.9,61.8,44.5,64.0,44.5,61.8,46.7,56.8,46.7,83.3,42.3,88.2,40.1,93.2,40.1,95.4,40.1,93.2,42.3,88.2,42.3,64.0,83.0,71.2,80.8,78.9,78.6,81.1,78.6,86.0,76.4,91.0,78.6,93.2,81.3,91.0,85.7,86.0,90.7,81.1,90.7,76.1,90.7,71.2,87.9,66.8,83.0,76.1,80.8,81.1,80.8,86.0,80.8,91.0,80.8,86.0,85.7,81.1,85.7,76.1,85.7
Ernie_Grunfeld_31.jpg,25.3,36.6,22.7,50.5,22.7,58.3,25.3,68.8,25.3,79.2,30.5,87.9,33.1,95.7,38.4,100.9,51.4,104.4,65.3,101.8,75.7,99.2,83.6,91.4,91.4,83.6,96.6,73.1,100.1,64.4,102.7,54.0,105.3,43.6,27.9,26.2,30.5,26.2,35.7,23.6,41.0,27.1,43.6,27.1,65.3,29.7,70.5,29.7,75.7,29.7,83.6,29.7,88.8,33.1,54.0,40.1,51.4,47.9,48.8,55.7,48.8,61.0,46.2,64.4,48.8,67.0,51.4,67.0,57.5,67.0,60.1,67.0,33.1,37.5,35.7,34.9,41.0,37.5,46.2,40.1,41.0,40.1,35.7,40.1,65.3,40.1,70.5,40.1,75.7,40.1,78.3,43.6,75.7,43.6,70.5,42.7,38.4,77.5,43.6,74.9,48.8,74.9,51.4,74.9,54.0,74.9,60.1,77.5,65.3,80.1,60.1,82.7,54.0,85.3,51.4,85.3,46.2,82.7,43.6,80.1,41.0,77.5,48.8,77.5,51.4,77.5,54.0,80.1,65.3,80.1,54.0,80.1,51.4,80.1,46.2,80.1
Ricardo_Lopez_Murphy_41.jpg,22.7,43.0,24.2,50.5,27.2,62.5,30.2,70.0,36.2,80.5,40.7,88.0,48.2,94.0,60.2,97.0,72.3,100.0,85.8,92.5,94.8,86.5,97.8,79.0,102.3,68.5,105.3,58.0,105.3,49.0,105.3,38.5,105.3,28.0,30.2,38.5,36.2,35.5,43.7,35.5,48.2,35.5,54.2,35.5,72.3,32.5,78.3,31.0,84.3,31.0,91.8,31.0,97.8,31.0,64.8,43.0,67.8,52.0,67.8,56.5,70.8,62.5,61.7,65.5,64.8,67.0,67.8,68.5,72.3,65.5,75.3,65.5,40.7,43.0,43.7,43.0,48.2,41.5,54.2,43.0,48.2,46.0,43.7,46.0,75.3,41.5,81.3,38.5,84.3,38.5,88.8,38.5,85.8,41.5,81.3,41.5,54.2,79.0,60.2,76.0,67.8,76.0,70.8,76.0,72.3,73.0,78.3,73.0,84.3,73.0,78.3,79.0,75.3,82.0,70.8,80.5,64.8,80.5,60.2,80.5,57.2,79.0,64.8,79.0,70.8,76.0,72.3,76.0,81.3,73.0,72.3,76.0,70.8,79.0,64.8,79.0
Daniel_Rouse_01.jpg,22.7,49.8,25.4,59.3,27.4,69.4,30.2,76.9,32.9,87.0,40.3,94.5,45.0,97.2,52.5,99.9,65.4,102.6,80.2,97.8,89.7,95.8,95.1,88.4,102.6,80.9,105.3,70.8,105.3,60.6,105.3,51.1,105.3,38.3,27.4,36.9,32.9,32.2,37.6,30.2,42.3,27.4,47.8,27.4,67.4,25.4,72.8,25.4,77.5,25.4,85.0,25.4,89.7,28.1,57.9,37.6,57.9,42.3,57.9,49.8,57.9,55.2,55.2,62.6,57.9,62.6,59.9,62.6,65.4,62.6,67.4,59.9,34.9,42.3,40.3,39.6,45.0,39.6,47.8,40.3,45.0,42.3,40.3,42.3,70.1,37.6,72.8,35.6,77.5,35.6,82.3,35.6,77.5,38.3,72.8,37.6,49.8,80.2,52.5,72.8,57.9,70.1,62.6,70.1,65.4,70.1,72.8,72.8,77.5,75.5,72.8,80.2,67.4,83.0,62.6,83.0,57.9,82.3,55.2,80.2,49.8,77.5,57.9,74.8,62.6,74.8,67.4,75.5,74.8,75.5,67.4,77.5,62.6,77.5,57.9,77.5
Agbani_Darego_21.jpg,22.7,35.7,22.7,45.5,24.8,56.0,27.6,63.7,32.5,71.3,38.1,81.8,45.8,90.2,50.7,97.9,64.0,102.8,76.6,97.9,87.1,90.2,92.0,83.2,97.6,72.7,99.7,62.3,102.5,52.5,105.3,42.0,105.3,31.5,27.6,28.0,32.5,25.2,38.1,28.0,43.0,28.0,50.7,30.8,73.8,30.8,79.4,28.7,84.3,28.7,92.0,25.9,97.6,28.7,61.2,44.1,61.2,53.9,61.2,61.6,61.2,67.1,56.3,69.2,58.4,69.2,61.2,72.0,66.1,69.9,68.9,69.9,35.3,40.6,38.1,38.5,45.8,38.5,50.7,41.3,45.8,43.4,38.1,43.4,73.8,41.3,79.4,39.2,84.3,39.2,89.2,39.2,87.1,41.3,79.4,44.1,47.9,79.7,50.7,79.7,58.4,76.9,61.2,76.9,66.1,77.6,71.7,79.7,79.4,80.4,73.8,88.1,68.9,90.2,64.0,90.2,58.4,90.2,53.5,87.4,47.9,79.7,58.4,82.5,64.0,82.5,66.1,82.5,76.6,80.4,66.1,85.3,64.0,85.3,58.4,84.6
Eliza_Dushku_00.jpg,22.7,43.4,24.7,53.2,26.6,59.1,32.5,68.9,34.5,80.7,38.4,90.5,46.3,96.4,54.2,100.4,66.0,104.3,77.8,102.3,85.6,94.5,93.5,90.5,97.4,80.7,99.4,70.9,101.4,61.1,105.3,49.3,105.3,39.4,28.6,29.6,34.5,25.7,38.4,25.7,44.3,25.7,48.3,27.6,73.8,25.7,77.8,23.7,83.7,23.7,89.6,23.7,95.5,29.6,60.1,41.4,60.1,47.3,60.1,53.2,60.1,61.1,56.1,63.0,58.1,65.0,64.0,65.0,67.9,63.0,69.9,63.0,36.5,39.4,42.4,39.4,46.3,41.4,52.2,41.4,46.3,43.4,42.4,43.4,73.8,41.4,77.8,39.4,83.7,39.4,87.6,39.4,85.6,41.4,77.8,41.4,48.3,76.8,54.2,72.8,58.1,68.9,64.0,68.9,66.0,68.9,75.8,72.8,79.7,76.8,75.8,84.6,69.9,88.6,66.0,88.6,58.1,88.6,54.2,86.6,48.3,76.8,58.1,74.8,64.0,72.8,67.9,74.8,79.7,76.8,69.9,84.6,66.0,84.6,60.1,84.6
Sasha_Cohen_40.jpg,22.7,52.0,22.7,60.7,24.9,69.4,29.2,80.3,33.6,89.0,40.1,93.3,46.6,97.7,55.3,99.9,68.3,99.9,81.4,97.7,90.1,95.5,98.8,93.3,100.9,84.6,103.1,76.0,105.3,65.1,105.3,54.2,105.3,47.7,29.2,36.8,33.6,34.7,40.1,32.5,44.4,32.5,51.0,32.5,70.5,30.3,77.0,30.3,81.4,28.1,90.1,30.3,96.6,32.5,59.7,41.2,59.7,49.9,59.7,54.2,59.7,60.7,55.3,65.1,57.5,65.1,64.0,65.1,66.2,65.1,70.5,62.9,35.7,45.5,42.3,43.4,46.6,43.4,51.0,43.4,46.6,45.5,42.3,45.5,74.9,41.2,79.2,41.2,85.7,41.2,87.9,41.2,85.7,43.4,79.2,43.4,51.0,76.0,53.1,73.8,59.7,69.4,64.0,69.4,66.2,69.4,74.9,73.8,79.2,76.0,74.9,76.0,68.3,78.1,64.0,78.1,59.7,80.3,55.3,78.1,51.0,76.0,59.7,76.0,64.0,73.8,68.3,73.8,79.2,76.0,68.3,73.8,64.0,76.0,59.7,76.0
Warren_Beatty_51.jpg,25.0,42.5,27.4,51.8,30.9,62.3,33.2,69.2,37.8,79.7,42.5,90.2,48.3,94.8,53.0,101.8,62.3,103.0,77.4,98.3,87.8,90.2,94.8,83.2,103.0,72.7,105.3,61.1,105.3,50.6,105.3,41.3,105.3,28.5,22.7,32.0,25.0,32.0,27.4,29.7,33.2,29.7,37.8,29.7,55.3,27.4,59.9,27.4,65.7,25.0,72.7,25.0,79.7,25.0,48.3,40.2,48.3,47.1,44.8,53.0,48.3,59.9,44.8,62.3,48.3,62.3,50.6,64.6,55.3,62.3,59.9,59.9,30.9,40.2,33.2,37.8,37.8,37.8,42.5,40.2,37.8,40.2,33.2,42.5,59.9,35.5,65.7,35.5,70.4,33.2,75.0,33.2,70.4,35.5,65.7,37.8,42.5,75.0,44.8,72.7,50.6,70.4,53.0,70.4,55.3,70.4,65.7,70.4,72.7,72.7,68.1,79.7,62.3,82.0,55.3,85.5,53.0,84.4,48.3,82.0,44.8,75.0,50.6,72.7,53.0,72.7,59.9,72.7,72.7,72.7,59.9,79.7,55.3,79.7,53.0,79.7
Barbara_Boxer_50.jpg,27.2,35.0,24.9,43.9,22.7,54.0,22.7,62.9,24.9,72.9,29.4,83.0,33.9,89.7,43.9,94.1,55.1,99.7,67.3,97.5,77.4,93.0,84.1,90.8,90.8,83.0,96.4,74.0,100.8,67.3,103.1,57.3,105.3,46.1,31.6,28.3,36.1,28.3,41.7,28.3,46.1,28.3,50.6,30.5,69.6,36.1,74.0,36.1,79.6,36.1,86.3,36.1,90.8,40.6,60.7,42.8,58.4,49.5,55.1,57.3,55.1,61.8,50.6,64.0,52.8,66.2,55.1,66.2,60.7,66.2,62.9,66.2,39.4,37.2,41.7,37.2,46.1,37.2,50.6,40.6,46.1,40.6,41.7,39.4,69.6,45.0,74.0,42.8,79.6,45.0,84.1,45.0,79.6,47.3,74.0,45.0,43.9,75.2,48.4,72.9,52.8,72.9,55.1,72.9,58.4,72.9,65.1,76.3,69.6,76.3,65.1,80.7,60.7,80.7,55.1,80.7,50.6,80.7,48.4,78.5,43.9,75.2,52.8,76.3,55.1,76.3,60.7,76.3,67.3,76.3,60.7,76.3,55.1,76.3,52.8,76.3
Wesley_Clark_00.jpg,22.7,40.4,25.1,51.0,27.4,60.5,29.8,71.1,34.5,80.5,40.4,88.8,47.5,93.5,56.9,99.4,69.9,101.8,82.9,97.0,90.0,94.7,92.3,90.0,97.0,79.3,102.9,69.9,102.9,61.6,105.3,49.8,105.3,39.2,34.5,31.0,40.4,28.6,47.5,26.2,52.2,26.2,56.9,28.6,80.5,26.2,85.2,26.2,90.0,26.2,94.7,27.4,100.6,29.8,69.9,39.2,69.9,46.3,69.9,51.0,72.3,59.3,65.2,64.0,67.5,64.0,72.3,64.0,74.6,64.0,77.0,61.6,42.8,38.0,47.5,39.2,52.2,35.7,56.9,39.2,54.6,41.6,47.5,41.6,80.5,39.2,85.2,36.9,90.0,36.9,92.3,39.2,90.0,39.2,85.2,39.2,54.6,77.0,62.8,73.4,67.5,71.1,72.3,74.6,74.6,72.3,80.5,74.6,85.2,74.6,80.5,77.0,74.6,79.3,69.9,79.3,67.5,79.3,62.8,79.3,54.6,77.0,67.5,77.0,69.9,77.0,74.6,74.6,82.9,74.6,74.6,74.6,69.9,74.6,67.5,74.6
Elizabeth_Shue_41.jpg,26.1,35.0,22.7,46.1,22.7,55.1,22.7,64.0,22.7,75.2,26.1,84.1,28.3,89.7,31.6,95.2,42.8,104.2,57.3,104.2,68.5,101.9,77.4,98.6,88.6,93.0,94.1,81.9,97.5,74.0,103.1,65.1,105.3,54.0,31.6,27.2,33.9,23.8,37.2,23.8,42.8,23.8,46.1,27.2,68.5,30.5,71.8,30.5,79.6,32.8,85.2,36.1,91.9,39.4,54.0,41.7,48.4,47.3,46.1,52.8,46.1,58.4,39.4,60.7,42.8,64.0,46.1,64.0,51.7,64.0,54.0,64.0,33.9,35.0,37.2,35.0,42.8,38.3,46.1,41.7,39.4,41.7,37.2,38.3,65.1,43.9,71.8,45.0,77.4,47.3,79.6,47.3,74.0,50.6,71.8,47.3,33.9,69.6,37.2,69.6,39.4,69.6,46.1,69.6,48.4,69.6,57.3,76.3,62.9,78.5,54.0,81.9,48.4,81.9,42.8,80.7,37.2,78.5,33.9,75.2,33.9,69.6,39.4,72.9,46.1,72.9,48.4,75.2,62.9,78.5,48.4,75.2,42.8,75.2,39.4,75.2
Mary_Robinson_40.jpg,22.7,38.8,25.0,51.4,25.0,60.6,27.3,68.6,29.6,80.1,34.2,88.1,38.8,95.0,49.1,103.0,61.7,105.3,73.2,103.0,83.5,100.7,88.1,93.8,92.7,86.9,97.3,76.6,100.7,67.4,103.0,57.1,105.3,47.9,36.5,27.3,44.5,22.7,49.1,22.7,53.7,25.0,61.7,25.0,83.5,27.3,85.8,25.0,92.7,25.0,97.3,28.4,103.0,33.0,70.9,39.9,70.9,46.8,68.6,51.4,68.6,59.4,61.7,61.7,64.0,64.0,68.6,64.0,70.9,64.0,73.2,64.0,44.5,36.5,49.1,34.2,53.7,34.2,58.3,39.9,53.7,39.9,49.1,39.9,81.2,39.9,85.8,37.6,90.4,39.9,95.0,42.2,90.4,42.2,85.8,42.2,46.8,73.2,53.7,70.9,64.0,70.9,66.3,74.3,68.6,74.3,75.5,76.6,81.2,78.9,73.2,83.5,68.6,85.8,64.0,85.8,58.3,85.8,53.7,81.2,49.1,73.2,61.7,73.2,66.3,76.6,70.9,76.6,77.8,78.9,68.6,81.2,64.0,81.2,58.3,81.2
Leuris_Pupo_31.jpg,24.1,42.3,26.9,50.0,29.0,60.5,31.8,71.0,34.6,78.7,42.3,89.2,47.2,94.8,54.9,102.5,68.2,105.3,80.8,100.4,88.5,94.8,93.4,87.8,99.0,80.1,101.8,66.8,103.9,57.0,103.9,48.6,103.9,38.8,29.0,29.7,34.6,24.8,39.5,24.8,47.2,24.8,52.1,24.8,73.1,25.5,78.0,22.7,83.6,22.7,91.3,22.7,96.2,28.3,62.6,32.5,62.6,40.2,62.6,45.8,62.6,50.7,57.7,55.6,60.5,56.3,62.6,56.3,68.2,56.3,70.3,56.3,39.5,35.3,42.3,35.3,47.2,32.5,52.1,35.3,47.2,37.4,42.3,37.4,73.1,35.3,78.0,33.2,83.6,33.2,88.5,36.0,83.6,38.1,78.0,38.1,50.0,73.8,54.9,68.9,60.5,64.0,62.6,64.0,68.2,64.0,73.1,66.8,78.0,74.5,73.1,82.2,70.3,84.3,65.4,87.1,60.5,87.1,54.9,81.5,52.1,73.8,60.5,68.9,62.6,68.9,68.2,68.9,75.9,74.5,70.3,79.4,65.4,82.2,60.5,81.5
Takeo_Hiranuma_10.jpg,22.7,50.2,25.6,60.7,28.1,71.5,31.1,79.4,36.1,87.4,41.5,95.7,49.4,98.2,57.3,101.1,70.7,104.0,84.0,98.6,89.0,96.1,94.4,93.6,99.9,85.7,102.4,75.3,105.3,64.8,105.3,56.9,105.3,46.1,33.6,31.9,36.1,26.5,44.0,24.0,49.4,24.0,54.8,26.9,76.1,24.4,81.1,24.4,86.5,24.8,91.9,24.8,97.4,30.2,65.3,40.2,68.2,45.6,68.2,53.6,68.2,58.6,62.7,66.5,65.3,66.5,68.2,66.9,73.2,66.9,76.1,64.4,41.5,42.3,46.9,39.8,51.9,39.8,54.8,42.7,51.9,42.7,46.9,42.7,76.1,40.2,81.1,37.7,86.5,37.7,89.0,40.6,86.5,43.1,81.1,43.1,57.3,79.8,60.2,77.3,65.3,71.9,68.2,74.8,70.7,71.9,76.1,77.3,81.1,80.3,76.1,82.8,73.2,85.3,70.7,85.3,65.3,85.3,60.2,82.4,57.3,79.8,65.3,77.3,68.2,77.3,73.2,77.3,78.6,80.3,73.2,80.3,68.2,79.8,65.3,79.8
Robert_Altman_51.jpg,22.7,38.3,25.6,48.0,30.5,57.7,32.4,65.5,37.3,78.1,43.1,87.8,52.8,95.6,62.5,100.4,75.2,103.3,87.8,98.5,94.6,91.7,97.5,83.9,100.4,74.2,102.4,64.5,102.4,53.8,105.3,44.1,102.4,34.4,40.2,35.3,48.0,30.5,52.8,31.5,60.6,31.5,65.5,31.5,82.9,28.5,87.8,26.6,92.7,24.7,97.5,24.7,100.4,26.6,75.2,41.2,77.1,48.9,77.1,56.7,80.0,61.6,70.3,66.4,72.3,66.4,77.1,66.4,80.0,66.4,82.9,63.5,49.9,41.2,54.8,41.2,60.6,38.3,62.5,41.2,60.6,44.1,54.8,43.1,82.9,39.2,87.8,36.3,92.7,34.4,94.6,36.3,92.7,39.2,87.8,39.2,57.7,76.1,65.5,76.1,72.3,76.1,77.1,76.1,80.0,74.2,84.9,74.2,89.7,74.2,84.9,79.1,82.9,81.0,77.1,81.0,72.3,83.9,65.5,81.0,57.7,76.1,72.3,79.1,77.1,79.1,80.0,76.1,89.7,74.2,80.0,76.1,75.2,79.1,72.3,79.1
Paul_Otellini_21.jpg,22.7,45.0,22.7,56.2,26.1,65.1,28.3,74.0,31.6,85.2,33.9,94.1,39.4,99.7,42.8,103.1,57.3,105.3,68.5,100.8,79.6,97.5,91.9,91.9,97.5,84.1,99.7,75.2,103.1,66.2,103.1,55.1,105.3,43.9,22.7,33.9,26.1,28.3,31.6,28.3,33.9,24.9,39.4,28.3,59.5,26.1,65.1,26.1,71.8,22.7,79.6,26.1,85.2,29.4,48.4,37.2,48.4,46.1,48.4,51.7,48.4,57.3,42.8,62.9,46.1,62.9,48.4,65.1,54.0,62.9,57.3,62.9,31.6,42.8,31.6,39.4,37.2,37.2,42.8,39.4,37.2,42.8,33.9,42.8,62.9,37.2,68.5,35.0,71.8,35.0,77.4,37.2,74.0,40.6,68.5,40.6,39.4,77.4,39.4,74.0,46.1,71.8,48.4,71.8,54.0,71.8,59.5,74.0,68.5,74.0,62.9,79.6,57.3,83.0,51.7,85.2,46.1,85.2,42.8,83.0,39.4,77.4,46.1,77.4,51.7,77.4,54.0,77.4,68.5,74.0,54.0,79.6,51.7,79.6,46.1,79.6
Franz_Fischler_01.jpg,22.7,43.8,24.9,53.6,27.6,65.6,32.0,75.5,36.9,85.3,44.6,92.4,53.9,100.1,66.5,102.3,78.5,102.8,90.5,97.9,95.4,90.8,100.4,85.9,102.6,76.6,105.3,64.5,102.6,54.7,102.6,47.0,102.6,35.0,34.7,36.7,39.7,33.9,46.8,31.7,53.9,31.7,58.8,32.3,78.5,30.1,83.4,27.4,87.8,25.2,92.7,25.2,97.6,27.9,70.8,42.1,70.8,49.2,73.6,56.3,75.8,61.3,66.5,66.2,70.8,66.2,73.6,66.2,78.5,66.2,80.7,64.0,44.6,43.8,49.0,41.6,53.9,41.6,58.8,41.6,53.9,44.3,49.0,46.5,78.5,39.4,83.4,37.2,87.8,35.0,92.7,37.2,87.8,39.9,83.4,39.9,61.5,80.4,66.5,76.0,73.6,76.0,75.8,76.0,78.5,73.8,83.4,73.8,85.6,76.0,83.4,78.8,80.7,83.1,75.8,83.1,70.8,83.1,68.6,83.1,61.5,80.4,70.8,78.2,75.8,78.2,78.5,78.2,85.6,76.0,78.5,78.2,75.8,78.2,70.8,78.2
Warren_Buffett_01.jpg,22.7,39.1,24.4,51.1,26.2,61.4,29.6,68.3,31.3,78.6,36.5,87.2,45.1,92.4,52.0,97.5,64.0,102.7,77.8,99.3,84.6,94.1,89.8,90.7,95.0,82.1,100.1,71.7,100.1,61.4,103.6,54.5,105.3,44.2,34.8,28.7,41.6,25.3,46.8,25.3,55.4,27.0,60.6,28.7,79.5,27.0,84.6,27.0,89.8,27.0,95.0,28.7,100.1,32.2,69.2,39.1,69.2,44.2,69.2,51.1,69.2,56.3,62.3,61.4,64.0,61.4,69.2,64.9,72.6,61.4,74.3,61.4,45.1,39.1,46.8,35.6,52.0,35.6,57.1,39.1,55.4,39.1,46.8,39.1,79.5,39.1,84.6,39.1,89.8,39.1,93.2,42.5,88.1,42.5,82.9,42.5,55.4,73.5,60.6,71.7,64.0,70.0,69.2,71.7,72.6,71.7,74.3,75.2,79.5,76.9,74.3,80.3,72.6,82.1,67.4,82.1,62.3,82.1,60.6,78.6,55.4,73.5,64.0,75.2,67.4,75.2,72.6,75.2,77.8,76.9,69.2,76.9,67.4,76.9,64.0,76.9
GL_Peiris_10.jpg,22.7,57.1,24.7,66.9,30.6,76.8,34.5,82.7,40.4,92.5,46.3,98.4,52.2,100.4,58.1,102.3,73.8,104.3,85.6,96.4,93.5,92.5,99.4,86.6,105.3,76.8,105.3,66.9,105.3,57.1,103.3,47.3,99.4,37.5,26.6,41.4,30.6,37.5,34.5,35.5,40.4,35.5,46.3,33.5,64.0,27.6,67.9,25.7,73.8,23.7,81.7,23.7,85.6,25.7,56.1,39.4,56.1,45.3,58.1,53.2,58.1,57.1,56.1,65.0,58.1,65.0,62.0,65.0,66.0,63.0,67.9,63.0,34.5,47.3,40.4,45.3,42.4,45.3,46.3,45.3,44.3,47.3,40.4,47.3,67.9,37.5,71.9,35.5,75.8,35.5,81.7,35.5,75.8,37.5,71.9,39.4,54.2,78.7,56.1,74.8,62.0,70.9,64.0,70.9,66.0,68.9,73.8,72.8,81.7,74.8,75.8,78.7,71.9,80.7,66.0,84.6,64.0,84.6,58.1,84.6,54.2,78.7,62.0,76.8,66.0,74.8,67.9,74.8,77.8,74.8,67.9,76.8,66.0,78.7,62.0,78.7
Angela_Bassett_21.jpg,24.3,37.0,24.3,49.7,27.5,57.6,29.1,65.6,32.2,76.7,37.0,86.2,41.8,94.2,48.1,100.5,59.2,105.3,73.5,103.7,81.5,95.8,87.8,89.4,94.2,79.9,97.3,68.8,98.9,59.2,102.1,49.7,103.7,40.2,29.1,27.5,33.8,22.7,38.6,24.3,46.5,25.9,51.3,29.1,71.9,30.7,76.7,29.1,81.5,29.1,87.8,30.7,92.6,33.8,59.2,41.8,59.2,49.7,59.2,56.1,59.2,64.0,52.9,65.6,54.5,65.6,59.2,68.8,64.0,65.6,67.2,65.6,37.0,37.0,38.6,37.0,46.5,37.0,51.3,40.2,46.5,40.2,38.6,40.2,71.9,40.2,76.7,40.2,81.5,40.2,86.2,40.2,81.5,43.4,76.7,43.4,43.4,75.1,48.1,71.9,54.5,73.5,59.2,73.5,64.0,73.5,71.9,73.5,78.3,75.1,71.9,84.6,64.0,86.2,59.2,89.4,52.9,86.2,48.1,81.5,43.4,75.1,54.5,75.1,59.2,75.1,64.0,75.1,76.7,75.1,64.0,81.5,59.2,84.6,54.5,81.5
Elmar_Brok_31.jpg,22.7,31.0,22.7,41.3,22.7,51.6,22.7,61.9,28.9,72.3,33.0,82.6,43.4,88.8,53.7,97.0,66.1,101.2,76.4,101.2,82.6,97.0,84.6,92.9,88.8,84.6,92.9,74.3,95.0,68.1,97.0,59.9,99.1,49.5,49.5,28.9,55.7,26.8,64.0,26.8,68.1,28.9,74.3,31.0,92.9,37.2,95.0,37.2,99.1,37.2,101.2,39.2,105.3,39.2,78.5,45.4,78.5,49.5,82.6,57.8,78.5,61.9,68.1,64.0,72.3,64.0,76.4,68.1,78.5,68.1,82.6,64.0,53.7,37.2,57.8,37.2,64.0,37.2,66.1,39.2,64.0,41.3,57.8,39.2,86.7,45.4,92.9,45.4,95.0,47.5,97.0,47.5,95.0,47.5,88.8,47.5,57.8,74.3,66.1,74.3,72.3,72.3,76.4,74.3,76.4,72.3,82.6,74.3,82.6,78.5,78.5,80.5,76.4,82.6,74.3,82.6,68.1,82.6,66.1,80.5,61.9,74.3,72.3,74.3,74.3,78.5,76.4,78.5,82.6,78.5,76.4,78.5,74.3,78.5,72.3,76.4
Barry_Alvarez_20.jpg,22.7,47.5,22.7,59.1,25.4,67.6,28.5,79.2,31.2,87.7,37.0,93.5,45.5,96.1,57.1,99.3,68.2,102.4,82.5,97.0,91.0,94.4,96.8,91.2,99.5,82.7,102.6,74.3,105.3,63.1,105.3,54.6,105.3,43.0,31.2,33.6,37.0,27.8,42.8,27.8,48.2,28.3,54.0,28.3,74.0,25.6,79.8,25.6,85.2,25.6,91.0,28.7,96.8,31.9,65.6,36.8,65.6,42.6,65.6,48.4,68.2,54.2,59.8,59.5,62.4,59.5,68.2,62.7,70.9,59.5,74.0,60.0,39.7,42.1,45.5,42.1,48.2,39.4,54.0,42.6,51.3,42.6,45.5,45.3,74.0,39.9,79.8,39.9,85.2,39.9,88.3,39.9,85.2,43.0,79.8,43.0,54.0,76.5,59.8,71.1,65.6,68.0,68.2,71.1,70.9,68.5,76.7,71.1,82.5,74.3,76.7,76.9,74.0,79.6,68.2,79.6,65.6,79.6,59.8,79.6,54.0,76.5,65.6,73.8,68.2,73.8,70.9,73.8,79.8,74.3,74.0,73.8,68.2,76.9,65.6,76.9
Chris_Rock_10.jpg,22.7,33.2,22.7,44.4,25.5,57.0,25.5,64.0,28.3,73.8,33.9,83.6,40.9,89.2,47.9,94.8,60.5,99.0,73.1,94.8,82.9,89.2,91.3,82.2,95.5,72.4,98.3,62.6,101.1,55.6,102.5,45.8,105.3,34.6,31.1,29.0,35.3,29.0,40.9,29.0,47.9,29.0,53.5,31.8,73.1,34.6,78.7,31.8,82.9,31.8,91.3,31.8,95.5,34.6,63.3,44.4,60.5,51.4,60.5,57.0,60.5,64.0,53.5,64.0,57.7,66.8,60.5,66.8,66.1,66.8,67.5,64.0,38.1,38.8,40.9,38.8,45.1,38.8,50.7,41.6,45.1,41.6,40.9,41.6,73.1,41.6,78.7,41.6,82.9,41.6,88.5,43.0,82.9,44.4,78.7,44.4,47.9,76.6,53.5,73.8,57.7,73.8,60.5,73.8,63.3,73.8,70.3,75.2,75.9,76.6,70.3,82.2,66.1,82.2,60.5,85.0,56.3,82.2,53.5,79.4,47.9,76.6,57.7,76.6,60.5,76.6,66.1,76.6,73.1,76.6,66.1,76.6,60.5,79.4,56.3,76.6
Ahmed_Ahmed_10.jpg,22.7,44.0,25.4,52.0,28.0,60.0,28.0,69.3,33.4,80.0,40.0,89.3,45.4,92.0,53.3,97.3,68.0,101.3,78.7,94.6,88.0,89.3,93.3,84.0,98.6,76.0,101.3,64.0,101.3,56.0,105.3,44.0,105.3,33.4,28.0,32.0,30.7,29.4,37.4,29.4,42.7,29.4,48.0,29.4,70.7,29.4,73.3,26.7,82.6,26.7,88.0,28.0,93.3,30.7,60.0,41.4,62.7,49.3,62.7,58.7,62.7,64.0,56.0,66.7,60.0,66.7,62.7,69.3,65.3,66.7,68.0,66.7,37.4,41.4,40.0,41.4,45.4,41.4,50.7,41.4,45.4,44.0,40.0,44.0,70.7,41.4,76.0,38.7,82.6,38.7,85.3,38.7,82.6,41.4,76.0,41.4,50.7,77.3,53.3,74.7,60.0,74.7,62.7,74.7,65.3,74.7,70.7,74.7,76.0,78.7,70.7,81.3,68.0,84.0,62.7,84.0,60.0,84.0,53.3,84.0,50.7,77.3,60.0,77.3,62.7,77.3,65.3,78.7,73.3,78.7,65.3,78.7,62.7,77.3,60.0,77.3
Kristen_Breitweiser_00.jpg,22.7,27.7,22.7,37.7,22.7,49.0,22.7,56.5,25.2,67.8,30.2,77.8,35.2,86.5,44.0,94.0,54.0,100.3,67.8,97.8,77.8,92.8,86.5,84.0,91.5,76.5,96.5,66.5,99.0,55.2,102.8,47.7,105.3,36.5,32.7,27.7,35.2,27.7,44.0,27.7,49.0,27.7,54.0,31.5,75.3,34.0,81.5,34.0,86.5,34.0,91.5,34.0,96.5,36.5,62.7,44.0,60.2,52.7,60.2,57.7,60.2,62.7,51.5,65.3,54.0,65.3,60.2,67.8,62.7,67.8,65.3,65.3,39.0,39.0,44.0,39.0,46.5,41.5,51.5,41.5,46.5,44.0,41.5,41.5,72.8,44.0,77.8,44.0,84.0,44.0,86.5,45.2,81.5,47.7,77.8,47.7,44.0,75.3,49.0,72.8,54.0,74.0,56.5,76.5,62.7,74.0,67.8,76.5,72.8,79.0,65.3,81.5,62.7,84.0,56.5,84.0,51.5,84.0,46.5,81.5,44.0,75.3,54.0,76.5,56.5,79.0,62.7,79.0,70.3,79.0,62.7,79.0,56.5,79.0,51.5,79.0
Marisa_Tomei_41.jpg,25.2,34.0,22.7,45.2,25.2,55.2,25.2,66.5,27.7,76.5,30.2,84.0,36.5,90.3,41.5,97.8,54.0,104.0,67.8,101.5,79.0,96.5,86.5,90.3,91.5,82.8,96.5,72.8,100.3,61.5,102.8,54.0,105.3,42.7,27.7,26.5,32.7,24.0,39.0,24.0,41.5,24.0,46.5,26.5,67.8,29.0,72.8,29.0,79.0,26.5,86.5,30.2,91.5,32.7,57.7,40.2,54.0,45.2,54.0,52.7,51.5,59.0,49.0,61.5,49.0,61.5,54.0,64.0,57.7,64.0,62.7,61.5,32.7,34.0,39.0,34.0,41.5,34.0,46.5,36.5,41.5,36.5,39.0,36.5,67.8,40.2,72.8,37.7,79.0,37.7,84.0,40.2,79.0,42.7,72.8,40.2,41.5,74.0,44.0,69.0,49.0,69.0,54.0,69.0,57.7,69.0,65.3,71.5,70.3,74.0,62.7,80.3,60.2,82.8,51.5,85.3,49.0,82.8,44.0,79.0,41.5,74.0,49.0,71.5,54.0,71.5,60.2,71.5,70.3,74.0,57.7,80.3,54.0,80.3,49.0,79.0
James_Cunningham_30.jpg,22.7,43.0,27.2,53.5,30.2,61.0,33.2,73.0,37.7,80.5,46.7,88.0,54.2,94.0,64.8,100.0,78.3,103.0,88.8,94.0,97.8,86.5,99.3,79.0,102.3,71.5,102.3,59.5,105.3,49.0,105.3,41.5,102.3,31.0,36.2,35.5,40.7,32.5,46.7,29.5,54.2,29.5,60.2,29.5,78.3,28.0,84.3,25.0,85.8,25.0,94.8,25.0,97.8,25.0,70.8,38.5,70.8,46.0,72.3,55.0,75.3,59.5,64.8,62.5,70.8,62.5,72.3,62.5,78.3,62.5,81.3,59.5,43.7,40.0,48.2,38.5,54.2,38.5,57.2,38.5,54.2,40.0,48.2,43.0,78.3,35.5,84.3,32.5,88.8,32.5,91.8,34.0,88.8,35.5,84.3,35.5,57.2,76.0,61.7,73.0,70.8,70.0,75.3,70.0,78.3,68.5,84.3,68.5,88.8,68.5,85.8,76.0,81.3,80.5,75.3,83.5,70.8,83.5,64.8,80.5,57.2,76.0,70.8,73.0,75.3,73.0,78.3,70.0,88.8,68.5,81.3,76.0,75.3,79.0,70.8,79.0
Martin_Sheen_00.jpg,22.7,47.7,25.0,58.2,30.3,68.1,33.2,76.2,40.7,86.7,48.3,94.2,56.4,97.1,66.3,100.1,79.7,100.1,89.6,94.8,97.7,90.2,100.1,82.6,103.0,74.5,105.3,64.6,105.3,54.1,105.3,43.6,103.0,33.2,33.2,42.5,38.4,37.2,43.1,37.8,48.3,34.9,53.5,34.9,71.6,32.6,76.8,30.3,82.0,27.9,89.6,27.9,92.5,27.9,66.3,43.1,66.3,50.6,69.2,55.9,69.2,64.0,64.0,66.3,66.3,68.7,69.2,69.2,74.5,66.3,76.8,64.0,43.1,47.7,46.0,45.4,51.2,43.1,56.4,45.4,51.2,45.4,46.0,47.7,74.5,40.7,79.7,38.4,84.4,38.4,87.3,38.4,84.4,40.7,79.7,40.7,61.7,82.0,64.0,79.1,69.2,76.8,71.6,76.8,74.5,74.5,79.7,74.5,84.4,76.8,82.0,79.7,76.8,82.0,74.5,84.4,69.2,84.4,66.3,84.4,61.7,82.0,69.2,79.1,71.6,79.1,76.8,76.8,84.4,76.8,76.8,76.8,71.6,79.1,69.2,79.1
Katharine_Hepburn_30.jpg,22.7,59.1,27.6,69.9,29.6,76.8,35.5,84.6,40.4,92.5,50.2,97.4,58.1,100.4,70.9,100.4,82.7,100.4,93.5,98.4,98.4,95.5,100.4,93.5,103.3,85.6,105.3,77.8,105.3,67.9,105.3,58.1,103.3,50.2,40.4,36.5,47.3,31.6,55.2,29.6,60.1,29.6,65.0,29.6,85.6,29.6,90.5,27.6,93.5,27.6,98.4,30.6,100.4,35.5,77.8,40.4,80.7,45.3,80.7,47.3,82.7,53.2,72.8,63.0,77.8,60.1,80.7,60.1,85.6,60.1,85.6,60.1,50.2,44.3,55.2,42.4,60.1,42.4,65.0,45.3,63.0,45.3,55.2,44.3,85.6,45.3,90.5,42.4,93.5,42.4,95.5,45.3,93.5,45.3,90.5,45.3,67.9,77.8,72.8,72.8,77.8,67.9,82.7,67.9,85.6,67.9,90.5,70.9,93.5,77.8,90.5,80.7,87.6,80.7,82.7,82.7,77.8,82.7,72.8,80.7,67.9,77.8,77.8,72.8,82.7,72.8,85.6,72.8,90.5,75.8,85.6,75.8,82.7,77.8,77.8,77.8
Linda_Franklin_20.jpg,24.1,46.4,26.0,58.8,28.9,68.3,33.6,77.8,35.5,88.2,43.1,95.8,50.7,100.5,60.2,102.4,72.5,105.3,84.9,100.5,91.5,95.8,97.2,89.2,102.0,81.6,102.0,72.1,103.9,62.6,103.9,50.2,103.9,40.7,33.6,32.2,38.4,27.5,46.0,24.6,50.7,24.6,55.5,24.6,77.3,22.7,82.0,22.7,86.8,22.7,91.5,22.7,97.2,25.6,67.8,35.0,67.8,42.6,69.7,47.4,69.7,52.1,63.1,58.8,67.8,58.8,69.7,59.7,74.4,59.7,77.3,59.7,41.2,39.8,46.0,34.1,50.7,35.0,55.5,36.9,50.7,39.8,46.0,39.8,77.3,35.0,82.0,33.2,86.8,33.2,91.5,35.0,86.8,35.0,82.0,35.0,55.5,78.7,60.2,71.1,67.8,66.4,69.7,66.4,74.4,66.4,80.1,69.2,84.9,76.8,80.1,81.6,77.3,86.3,72.5,86.3,67.8,86.3,63.1,83.5,55.5,78.7,67.8,71.1,69.7,71.1,74.4,71.1,82.0,76.8,74.4,81.6,72.5,81.6,67.8,81.6
Amelia_Vega_41.jpg,23.4,40.0,23.4,49.3,26.0,60.0,28.7,69.3,32.7,81.3,40.7,90.6,44.7,96.0,54.0,102.6,68.7,105.3,80.6,101.3,87.3,93.3,92.6,86.6,96.6,80.0,99.3,68.0,102.0,58.7,104.6,46.7,104.6,37.4,30.0,28.0,35.4,26.7,42.0,24.0,47.4,24.0,51.3,26.7,72.7,24.0,78.0,24.0,83.3,22.7,90.0,22.7,95.3,26.7,63.3,41.4,62.0,48.0,63.3,54.7,63.3,62.7,59.3,66.7,62.0,69.3,63.3,69.3,68.7,66.7,71.3,66.7,40.7,41.4,44.7,38.7,50.0,38.7,54.0,41.4,50.0,41.4,44.7,41.4,75.3,38.7,78.0,36.0,83.3,36.0,87.3,36.0,83.3,38.7,78.0,41.4,51.3,78.7,56.7,78.7,62.0,76.0,66.0,77.3,68.7,77.3,75.3,77.3,80.6,77.3,75.3,81.3,71.3,84.0,66.0,86.6,62.0,86.6,56.7,84.0,54.0,78.7,62.0,81.3,66.0,78.7,71.3,78.7,78.0,77.3,71.3,81.3,66.0,81.3,62.0,81.3
Alvaro_Silva_Calderon_30.jpg,22.7,49.5,24.9,60.2,28.1,68.8,31.3,79.6,36.7,88.1,44.2,96.7,50.6,102.1,58.1,105.3,72.0,105.3,86.0,99.9,94.6,94.6,99.9,86.0,105.3,75.3,105.3,64.5,105.3,56.0,105.3,45.2,105.3,31.3,24.9,38.8,28.1,32.4,33.4,33.4,38.8,30.2,44.2,30.2,63.5,24.9,68.8,24.9,75.3,22.7,82.8,22.7,88.1,22.7,56.0,38.8,58.1,47.4,58.1,52.7,61.3,58.1,56.0,66.7,58.1,66.7,61.3,66.7,66.7,63.5,68.8,63.5,33.4,44.2,36.7,40.9,42.0,38.8,47.4,40.9,42.0,44.2,36.7,44.2,68.8,36.7,72.0,33.4,77.4,33.4,82.8,33.4,77.4,36.7,72.0,36.7,50.6,82.8,56.0,77.4,61.3,74.2,63.5,74.2,66.7,74.2,75.3,75.3,80.6,77.4,75.3,80.6,72.0,82.8,66.7,86.0,61.3,86.0,56.0,86.0,52.7,82.8,61.3,80.6,63.5,77.4,68.8,77.4,77.4,77.4,68.8,80.6,63.5,80.6,61.3,80.6
Eliza_Dushku_30.jpg,22.7,49.0,22.7,59.4,25.8,69.7,27.9,77.9,31.0,88.3,39.2,96.5,41.3,99.6,49.5,104.8,63.0,104.8,76.4,102.7,86.7,97.5,91.9,92.4,100.1,84.1,102.2,73.8,105.3,63.5,105.3,53.2,105.3,41.8,22.7,35.6,25.8,30.5,31.0,27.4,36.1,28.4,41.3,28.4,63.0,25.3,68.1,23.2,76.4,23.2,81.5,23.2,88.8,28.4,52.6,38.7,52.6,43.9,54.7,52.1,54.7,57.3,49.5,62.5,52.6,62.5,57.8,62.5,59.9,62.5,63.0,60.4,31.0,43.9,34.1,40.8,39.2,40.8,44.4,41.8,41.3,43.9,36.1,43.9,65.0,38.7,70.2,36.6,76.4,36.6,81.5,39.7,76.4,38.7,70.2,38.7,44.4,77.9,49.5,72.8,54.7,70.7,57.8,70.7,59.9,70.7,68.1,70.7,73.3,75.9,68.1,79.0,63.0,81.0,59.9,84.1,54.7,84.1,49.5,81.0,44.4,77.9,54.7,72.8,57.8,72.8,63.0,73.8,73.3,75.9,63.0,75.9,57.8,79.0,54.7,79.0
Frank_Solich_31.jpg,22.7,35.9,24.9,45.8,24.9,54.6,28.2,64.6,30.4,76.7,37.0,85.5,41.4,93.2,49.1,97.6,61.2,100.9,74.5,98.7,84.4,94.3,91.0,86.6,96.5,77.8,100.9,65.7,100.9,56.8,103.1,44.7,105.3,34.8,30.4,29.3,34.8,27.1,39.2,27.1,44.7,29.3,49.1,29.3,70.1,30.4,74.5,30.4,80.0,30.4,86.6,30.4,94.3,30.4,61.2,39.2,57.9,45.8,57.9,51.3,57.9,57.9,53.5,62.3,55.7,62.3,61.2,62.3,63.4,62.3,65.7,62.3,37.0,37.0,41.4,37.0,46.9,37.0,51.3,39.2,46.9,39.2,41.4,39.2,70.1,39.2,74.5,37.0,82.2,37.0,84.4,37.0,82.2,39.2,74.5,39.2,46.9,76.7,51.3,74.5,55.7,72.3,61.2,74.5,63.4,72.3,67.9,74.5,74.5,76.7,67.9,78.9,65.7,82.2,61.2,82.2,55.7,81.1,51.3,78.9,46.9,76.7,55.7,76.7,61.2,76.7,65.7,76.7,72.3,76.7,63.4,76.7,61.2,76.7,55.7,76.7
Keith_Olbermann_50.jpg,23.7,38.8,26.5,49.3,26.5,60.7,29.4,68.3,31.3,80.6,38.8,90.1,43.6,94.8,53.1,100.5,65.4,105.3,77.8,100.5,87.3,93.9,94.8,89.2,99.6,78.7,101.5,67.3,101.5,56.9,104.3,47.4,104.3,37.9,31.3,27.5,36.0,24.6,43.6,22.7,48.3,22.7,53.1,24.6,73.0,25.6,77.8,25.6,84.4,25.6,90.1,25.6,94.8,30.3,62.6,36.9,65.4,44.5,65.4,52.1,65.4,56.9,57.8,61.6,60.7,63.5,65.4,64.5,68.3,64.5,70.2,61.6,40.7,36.9,43.6,36.9,48.3,36.9,53.1,36.9,48.3,39.8,43.6,39.8,74.9,36.9,77.8,37.9,82.5,37.9,87.3,37.9,82.5,39.8,77.8,39.8,51.2,75.9,55.9,74.0,60.7,71.1,65.4,71.1,68.3,71.1,73.0,74.0,77.8,76.8,73.0,81.6,70.2,83.5,65.4,83.5,60.7,83.5,55.9,80.6,53.1,75.9,60.7,74.0,65.4,74.0,68.3,74.0,77.8,76.8,68.3,78.7,65.4,80.6,60.7,78.7
Christopher_Amolsch_51.jpg,22.7,38.4,22.7,48.6,22.7,58.2,22.7,68.4,25.4,78.7,27.5,88.9,32.9,93.7,40.5,99.1,52.7,101.9,67.8,101.9,78.0,97.1,87.5,92.3,95.1,82.1,100.5,72.5,100.5,62.3,102.6,52.1,105.3,39.8,27.5,28.2,30.2,26.1,35.0,26.1,40.5,26.1,45.2,28.9,65.0,31.6,70.5,28.9,78.0,29.5,85.5,29.5,90.3,32.3,55.5,39.1,52.7,46.6,52.7,54.1,52.7,58.9,48.0,61.6,50.0,61.6,52.7,63.7,57.5,64.3,60.2,61.6,32.9,36.4,35.0,36.4,40.5,36.4,45.2,39.1,40.5,38.4,35.0,38.4,67.8,39.1,72.5,37.0,78.0,37.0,82.8,39.1,78.0,41.8,72.5,41.8,40.5,73.9,42.5,71.2,50.0,69.1,52.7,71.2,57.5,69.1,65.0,71.8,70.5,74.6,63.0,79.4,57.5,81.4,52.7,81.4,48.0,81.4,42.5,78.7,40.5,73.9,48.0,73.9,52.7,73.9,57.5,73.9,70.5,74.6,57.5,76.6,52.7,76.6,48.0,76.6
JK_Rowling_40.jpg,22.7,46.9,22.7,57.5,25.1,64.6,27.4,75.2,29.8,82.3,35.7,89.4,40.4,95.3,47.5,97.6,60.5,100.0,73.4,97.6,82.9,95.3,90.0,90.5,95.9,83.5,100.6,72.8,100.6,65.8,102.9,56.3,105.3,43.4,25.1,35.1,27.4,29.2,33.3,29.2,38.0,29.2,42.8,30.4,65.2,30.4,69.9,30.4,75.8,28.0,82.9,30.4,90.0,32.7,53.4,42.2,53.4,50.4,53.4,55.2,53.4,62.2,47.5,64.6,49.8,68.1,55.7,68.1,58.1,65.8,62.8,65.8,33.3,42.2,35.7,42.2,40.4,42.2,45.1,42.2,40.4,44.5,35.7,44.5,67.5,43.4,69.9,39.8,75.8,39.8,80.5,43.4,78.2,43.4,69.9,45.7,42.8,77.6,45.1,75.2,53.4,72.8,55.7,72.8,58.1,72.8,65.2,72.8,69.9,75.2,65.2,77.6,60.5,79.9,55.7,79.9,49.8,79.9,47.5,79.9,42.8,75.2,49.8,75.2,55.7,75.2,60.5,75.2,69.9,75.2,60.5,75.2,55.7,75.2,49.8,75.2
Wayne_Gretzky_30.jpg,23.7,40.6,23.7,52.8,26.2,61.8,28.8,71.4,30.7,81.0,37.8,90.6,42.9,97.6,51.8,102.7,64.0,105.3,75.5,102.7,85.1,96.3,89.6,89.3,94.7,79.7,99.2,70.1,99.2,61.1,101.8,51.5,104.3,40.0,28.8,29.1,33.3,24.6,37.8,24.6,44.8,24.6,49.9,27.2,68.5,25.3,73.6,22.7,80.6,22.7,85.1,22.7,92.2,27.8,59.5,38.7,59.5,45.8,59.5,53.4,59.5,60.5,54.4,65.0,57.0,65.0,59.5,65.0,64.0,65.0,66.6,65.0,35.8,38.7,40.3,36.2,44.8,36.2,49.9,38.7,44.8,38.7,40.3,38.7,71.0,36.8,75.5,34.2,80.6,34.9,85.1,36.8,80.6,39.4,75.5,39.4,47.4,79.0,51.8,76.5,57.0,74.6,61.4,74.6,64.0,72.0,71.0,74.6,75.5,77.1,71.0,84.2,66.6,86.1,61.4,88.6,57.0,88.6,51.8,86.1,47.4,79.0,57.0,76.5,61.4,76.5,66.6,77.1,75.5,79.7,66.6,84.2,61.4,84.2,57.0,83.5
Tina_Brown_51.jpg,22.7,40.2,24.3,49.7,27.5,59.2,32.2,68.8,33.8,78.3,41.8,87.8,46.5,92.6,56.1,97.3,67.2,100.5,81.5,95.8,87.8,91.0,92.6,84.6,97.3,76.7,100.5,65.6,102.1,57.6,105.3,46.5,105.3,37.0,32.2,30.7,37.0,29.1,43.4,29.1,48.1,29.1,52.9,32.2,73.5,29.1,78.3,27.5,86.2,27.5,91.0,27.5,95.8,27.5,64.0,41.8,64.0,48.1,67.2,52.9,67.2,59.2,59.2,62.4,62.4,62.4,67.2,64.0,68.8,62.4,73.5,62.4,41.8,38.6,43.4,38.6,48.1,38.6,52.9,38.6,51.3,40.2,43.4,40.2,76.7,38.6,81.5,37.0,86.2,37.0,91.0,37.0,86.2,38.6,81.5,38.6,48.1,71.9,56.1,68.8,62.4,68.8,67.2,68.8,68.8,67.2,76.7,68.8,83.1,71.9,76.7,76.7,71.9,78.3,67.2,81.5,59.2,81.5,56.1,78.3,51.3,71.9,59.2,71.9,67.2,71.9,71.9,71.9,81.5,71.9,71.9,76.7,67.2,76.7,59.2,76.7
Peter_Medgyessy_51.jpg,26.5,50.2,29.0,57.7,31.5,69.0,34.0,76.5,39.0,87.8,44.0,95.3,47.7,97.8,52.7,104.0,62.7,104.0,74.0,99.0,86.5,92.8,95.3,85.3,102.8,75.3,105.3,61.5,105.3,54.0,105.3,42.7,102.8,30.2,22.7,39.0,22.7,34.0,26.5,31.5,31.5,31.5,34.0,31.5,50.2,29.0,55.2,26.5,60.2,24.0,69.0,24.0,76.5,26.5,44.0,39.0,41.5,45.2,41.5,52.7,41.5,57.7,44.0,64.0,44.0,64.0,47.7,64.0,52.7,61.5,55.2,61.5,31.5,44.0,31.5,41.5,34.0,39.0,39.0,41.5,36.5,45.2,31.5,44.0,57.7,36.5,60.2,34.0,65.3,34.0,71.5,34.0,65.3,37.7,60.2,36.5,44.0,79.0,44.0,74.0,47.7,71.5,50.2,71.5,52.7,69.0,60.2,71.5,69.0,74.0,62.7,80.3,57.7,82.8,55.2,82.8,50.2,81.5,47.7,81.5,44.0,79.0,50.2,74.0,52.7,74.0,55.2,74.0,65.3,74.0,55.2,76.5,52.7,76.5,50.2,76.5
Franz_Fischler_51.jpg,24.9,29.3,24.9,41.4,24.9,51.3,22.7,58.5,24.9,70.6,29.9,82.7,34.8,90.4,42.0,97.6,56.8,103.1,69.0,100.9,78.3,95.9,86.0,91.0,93.2,81.6,98.1,69.5,100.3,59.6,103.1,50.2,105.3,40.3,34.8,27.1,39.8,24.9,44.2,24.9,51.9,27.1,56.8,29.9,73.9,32.6,78.3,32.6,86.0,32.6,90.4,35.4,95.4,35.4,64.0,42.0,64.0,49.7,61.2,56.8,61.2,61.8,54.1,64.0,56.8,64.0,61.2,66.2,64.0,66.2,66.2,64.0,39.8,34.3,44.2,34.3,49.1,34.8,54.1,37.0,49.1,39.2,44.2,37.0,73.9,42.5,78.3,39.8,83.3,39.8,88.2,42.5,83.3,44.7,78.3,42.5,46.9,73.4,51.9,73.4,56.8,73.9,59.0,73.9,61.2,73.9,66.2,76.1,71.2,78.9,66.2,81.1,61.2,83.3,56.8,83.3,54.1,83.3,49.1,81.1,46.9,73.4,54.1,76.1,59.0,76.1,61.2,76.1,71.2,78.9,61.2,78.9,59.0,78.3,54.1,78.3
Gary_Condit_10.jpg,22.7,32.7,22.7,44.7,25.4,54.0,25.4,63.3,28.0,72.7,32.0,82.0,37.4,90.0,46.7,96.6,58.7,102.0,72.0,99.3,81.3,95.3,86.6,88.6,93.3,80.6,98.6,70.0,101.3,59.3,102.6,50.0,105.3,39.4,34.7,28.7,40.0,26.0,46.7,26.0,50.7,26.0,56.0,28.7,74.7,31.4,80.0,31.4,86.6,31.4,90.6,31.4,96.0,34.0,65.3,40.7,62.7,50.0,62.7,56.7,62.7,62.0,56.0,63.3,58.7,64.7,62.7,66.0,68.0,66.0,70.7,64.7,41.4,38.0,46.7,35.4,49.3,38.0,53.3,38.0,49.3,40.7,44.0,40.7,74.7,40.7,80.0,40.7,84.0,40.7,89.3,40.7,84.0,43.4,80.0,43.4,46.7,72.7,50.7,71.3,58.7,71.3,62.7,74.0,65.3,74.0,70.7,74.0,74.7,76.7,70.7,78.0,65.3,80.6,61.3,80.6,56.0,80.6,50.7,78.0,46.7,72.7,58.7,74.0,61.3,75.3,65.3,75.3,74.7,76.7,65.3,75.3,61.3,75.3,58.7,75.3
Chris_Matthews_00.jpg,22.7,35.0,22.7,45.8,22.7,56.5,24.9,68.3,28.1,75.8,33.4,87.6,38.8,93.0,49.5,98.3,61.3,101.5,74.2,99.4,82.8,94.0,88.1,88.7,93.5,82.2,96.7,71.5,99.9,60.8,102.1,50.1,105.3,41.5,33.4,29.7,38.8,26.5,44.2,27.5,49.5,27.5,56.0,29.7,74.2,30.8,80.6,30.8,86.0,30.8,91.3,30.8,96.7,32.9,63.5,41.5,66.7,49.0,66.7,54.3,66.7,60.8,58.1,62.9,61.3,66.1,63.5,66.1,68.8,66.1,72.0,66.1,42.0,38.3,44.2,35.0,49.5,38.3,52.7,38.3,49.5,40.4,44.2,40.4,74.2,41.5,80.6,38.3,82.8,38.3,88.1,41.5,82.8,41.5,80.6,41.5,49.5,76.9,56.0,73.7,61.3,73.7,63.5,73.7,66.7,73.7,72.0,76.9,77.4,76.9,72.0,80.1,66.7,82.2,63.5,82.2,58.1,82.2,56.0,79.0,49.5,76.9,61.3,76.9,63.5,76.9,66.7,76.9,74.2,76.9,66.7,76.9,63.5,76.9,61.3,76.9
Peter_Medgyessy_40.jpg,22.7,38.7,22.7,48.5,22.7,58.2,25.6,65.9,27.6,75.7,30.5,85.4,35.3,91.2,45.1,96.1,57.7,99.0,70.3,96.1,80.0,94.1,87.8,89.3,92.7,81.5,97.5,71.8,100.4,62.1,102.4,52.3,105.3,39.7,27.6,31.0,32.4,29.0,40.2,29.0,45.1,29.0,49.9,31.0,70.3,33.9,75.2,33.9,80.0,33.9,87.8,34.9,92.7,36.8,60.6,41.7,57.7,48.5,57.7,56.2,57.7,61.1,49.9,64.0,54.8,64.0,57.7,65.9,62.5,65.9,65.5,64.0,35.3,38.7,40.2,38.7,45.1,38.7,49.9,41.7,45.1,41.7,40.2,40.7,70.3,41.7,75.2,41.7,80.0,41.7,84.9,44.6,80.0,44.6,75.2,44.6,43.1,73.7,48.0,73.7,54.8,70.8,57.7,71.8,62.5,71.8,67.4,73.7,75.2,73.7,67.4,76.6,62.5,78.6,57.7,78.6,52.8,78.6,48.0,75.7,45.1,73.7,52.8,73.7,57.7,73.7,62.5,73.7,72.3,73.7,62.5,73.7,57.7,73.7,54.8,73.7
Charlotte_Casiraghi_10.jpg,26.9,35.3,23.8,45.7,26.9,57.2,26.9,64.5,26.9,76.0,32.1,86.5,39.4,91.7,47.8,100.1,61.4,105.3,71.8,103.2,80.2,101.1,85.4,95.9,90.7,87.5,95.9,79.2,99.0,71.8,101.1,60.3,104.2,53.0,39.4,24.8,47.8,22.7,53.0,22.7,61.4,25.8,66.6,27.9,85.4,34.2,90.7,34.2,95.9,34.2,101.1,36.3,104.2,39.4,71.8,41.5,71.8,46.8,71.8,52.0,71.8,57.2,61.4,62.4,64.5,62.4,69.7,63.5,71.8,65.6,75.0,63.5,47.8,36.3,53.0,36.3,58.3,36.3,61.4,38.4,58.3,38.4,50.9,38.4,82.3,44.7,88.6,44.7,93.8,44.7,95.9,47.8,90.7,46.8,85.4,46.8,53.0,76.0,58.3,70.8,64.5,70.8,69.7,70.8,71.8,70.8,77.1,76.0,77.1,82.3,75.0,84.4,69.7,87.5,66.6,87.5,61.4,86.5,56.2,81.2,53.0,76.0,64.5,73.9,66.6,73.9,71.8,76.0,77.1,82.3,69.7,81.2,66.6,81.2,61.4,81.2
Lino_Oviedo_51.jpg,22.7,44.7,26.2,55.2,28.0,65.8,31.5,76.3,33.3,86.8,42.0,92.1,49.1,97.4,59.6,102.7,71.9,102.7,86.0,100.9,91.2,95.6,96.5,90.4,101.8,79.8,103.5,69.3,103.5,58.7,105.3,51.7,105.3,37.6,33.3,28.9,42.0,25.3,47.3,25.3,52.6,25.3,57.9,25.3,77.2,25.3,82.4,25.3,87.7,25.3,96.5,25.3,98.3,30.6,70.1,37.6,70.1,42.9,70.1,49.9,71.9,55.2,64.9,64.0,66.6,64.0,70.1,64.0,75.4,64.0,77.2,60.5,43.8,37.6,49.1,37.6,54.3,37.6,57.9,37.6,54.3,39.4,49.1,39.4,80.7,37.6,82.4,37.6,87.7,37.6,93.0,37.6,87.7,41.2,82.4,41.2,57.9,76.3,61.4,74.5,66.6,71.0,70.1,71.0,75.4,71.0,80.7,74.5,86.0,76.3,80.7,79.8,77.2,81.6,71.9,81.6,66.6,81.6,61.4,81.6,57.9,76.3,66.6,74.5,70.1,74.5,75.4,74.5,86.0,76.3,75.4,76.3,71.9,76.3,66.6,76.3
Jane_Rooney_21.jpg,22.7,41.9,22.7,52.8,24.9,60.7,27.8,70.9,32.9,81.7,38.6,89.7,43.7,92.6,48.8,98.4,62.6,101.3,73.4,95.5,83.6,93.3,91.5,85.4,97.3,77.4,99.5,67.3,102.4,59.3,102.4,48.4,105.3,37.6,24.9,31.0,27.8,28.9,32.9,28.9,38.6,28.9,43.7,28.9,62.6,28.9,67.6,26.7,75.6,26.7,81.4,26.7,89.4,29.6,54.6,36.8,51.7,44.8,51.7,50.6,51.7,55.7,48.8,58.6,51.7,60.7,54.6,60.7,59.7,58.6,62.6,58.6,32.9,39.7,35.7,36.8,40.8,36.8,46.6,39.7,40.8,39.7,35.7,39.7,67.6,37.6,70.5,37.6,75.6,37.6,81.4,37.6,75.6,39.7,70.5,39.7,43.7,73.8,46.6,68.7,51.7,66.5,54.6,66.5,59.7,66.5,65.4,69.4,70.5,71.6,65.4,77.4,62.6,79.6,57.5,79.6,51.7,79.6,48.8,76.7,46.6,71.6,51.7,68.7,57.5,68.7,59.7,68.7,70.5,71.6,59.7,74.5,57.5,74.5,51.7,74.5
Kristy_Curry_20.jpg,23.7,38.8,23.7,49.8,26.9,58.8,29.5,69.8,32.7,78.8,38.5,90.5,43.7,96.3,52.7,102.1,66.9,105.3,78.5,99.5,86.9,93.7,92.7,88.5,98.5,79.5,101.1,68.5,101.1,59.5,104.3,51.1,104.3,39.5,32.7,29.8,38.5,24.6,43.7,24.6,52.7,24.6,55.3,24.6,78.5,25.3,84.3,25.3,89.5,22.7,95.3,25.3,98.5,28.5,66.9,42.1,66.9,50.5,66.9,56.3,66.9,62.1,58.5,67.9,64.3,67.9,66.9,67.9,69.5,67.9,72.7,67.9,41.1,41.4,46.9,42.1,52.7,42.1,55.3,42.1,52.7,44.6,46.9,44.6,78.5,42.1,81.1,39.5,86.9,39.5,92.7,39.5,86.9,42.1,81.1,45.3,52.7,78.8,58.5,76.3,64.3,76.3,66.9,76.3,69.5,76.3,75.3,76.3,78.5,79.5,75.3,85.3,72.7,87.9,66.9,90.5,61.1,87.9,55.3,84.6,52.7,78.8,64.3,79.5,66.9,79.5,69.5,79.5,78.5,79.5,69.5,82.1,66.9,82.1,61.1,82.1
Jane_Krakowski_41.jpg,22.7,36.0,22.7,45.8,22.7,55.6,24.7,66.5,27.6,76.3,32.5,86.1,37.5,94.0,47.3,101.8,60.1,104.8,72.8,101.8,82.7,96.9,87.6,92.0,93.5,82.2,98.4,72.4,100.4,64.5,103.3,54.7,105.3,41.9,32.5,26.2,40.4,23.2,47.3,23.2,53.2,26.2,58.1,26.2,80.7,32.0,85.6,29.1,90.5,29.1,95.5,29.1,100.4,34.0,67.9,41.9,65.0,48.8,65.0,56.6,65.0,61.5,58.1,64.5,60.1,66.5,65.0,66.5,67.9,66.5,69.9,66.5,40.4,36.0,45.3,36.0,50.2,36.0,55.2,38.9,50.2,40.9,45.3,38.9,77.8,41.9,82.7,38.9,90.5,38.9,93.5,41.9,87.6,43.8,82.7,43.8,47.3,76.3,53.2,74.3,60.1,74.3,63.0,74.3,67.9,74.3,72.8,77.3,75.8,79.2,69.9,84.2,67.9,87.1,63.0,87.1,58.1,87.1,53.2,81.2,47.3,76.3,58.1,76.3,63.0,76.3,67.9,76.3,75.8,79.2,67.9,82.2,63.0,82.2,58.1,81.2
